<?xml version="1.0" encoding="utf-8" ?><dwsync><file name=".DS_Store" server="192.186.199.4/public_html/" local="3495532680" remote="20675401864" /><file name="1.jpg" server="192.186.199.4/public_html/" local="3495532680" remote="20675401864" /><file name="2.jpg" server="192.186.199.4/public_html/" local="3495532680" remote="20675401864" /><file name="calculations.php" server="192.186.199.4/public_html/" local="3496224173" remote="16381115268" /><file name="error_log" server="192.186.199.4/public_html/" local="3495529920" remote="20675399104" /><file name="index.php" server="192.186.199.4/public_html/" local="3499261421" remote="16384156128" /><file name="loader.gif" server="192.186.199.4/public_html/" local="3495561660" remote="20675430844" /><file name="calculations2.php" server="192.186.199.4/public_html/" local="3498013733" remote="16382908368" /><file name="confidenceIntervalCalcs.php" server="192.186.199.4/public_html/" local="3499261311" remote="16384156128" /></dwsync>